USE chatbi_mvp;

INSERT INTO dim_customers
    (customer_id, customer_name, customer_type, industry, country, region)
VALUES
    (1, '星河汽车', 'OEM整车厂', '交通', 'China', '亚太'),
    (2, 'NordAuto GmbH', 'OEM整车厂', '交通', 'Germany', '欧洲'),
    (3, 'NorthGrid Energy', '电网集团', '能源', 'United States', '北美'),
    (4, '华东储能科技', '储能集成商', '能源', 'China', '亚太'),
    (5, 'MetroSwap 运营', '换电运营商', '交通', 'China', '亚太'),
    (6, 'Bavaria Storage', '储能集成商', '能源', 'Germany', '欧洲'),
    (7, 'Pacific Industrial', '工商业用户', '工业', 'Australia', '亚太'),
    (8, 'Andes Dealer', '经销商', '特种交通', 'Chile', '南美');

INSERT INTO dim_products
    (product_id, product_name, product_line, category, tech_route, standard_cost, material_cost, labor_cost)
VALUES
    (101, '乘用车三元高能量电池包', '动力电池-乘用车', '高能量密度型', '三元锂', 760.00, 560.00, 90.00),
    (102, '乘用车超快充电池包', '动力电池-乘用车', '超快充型', '三元锂', 830.00, 610.00, 95.00),
    (201, '商用车标准电池包', '动力电池-商用车', '商用车标准型', '磷酸铁锂', 640.00, 470.00, 80.00),
    (202, '商用车低温适配电池包', '动力电池-商用车', '低温适配型', '钠离子', 610.00, 450.00, 75.00),
    (301, '电网级储能系统 5MWh', '储能系统-电网级', '电网级储能型', '磷酸铁锂', 530.00, 390.00, 68.00),
    (302, '工商业储能系统 500kWh', '储能系统-工商业', '工商业储能型', '磷酸铁锂', 570.00, 420.00, 72.00),
    (401, '电池材料回收包', '电池材料与回收', '回收材料型', '固态电池', 280.00, 190.00, 40.00);

INSERT INTO exchange_rates (rate_date, currency, rate_to_cny)
VALUES
    ('2026-01-01', 'CNY', 1.0000),
    ('2026-01-01', 'USD', 7.1200),
    ('2026-01-01', 'EUR', 7.7800),
    ('2026-01-01', 'AUD', 4.6500),
    ('2026-02-01', 'CNY', 1.0000),
    ('2026-02-01', 'USD', 7.0900),
    ('2026-02-01', 'EUR', 7.7400),
    ('2026-02-01', 'AUD', 4.6100),
    ('2026-03-01', 'CNY', 1.0000),
    ('2026-03-01', 'USD', 7.0600),
    ('2026-03-01', 'EUR', 7.6900),
    ('2026-03-01', 'AUD', 4.5800);

INSERT INTO sales_orders
    (order_id, order_no, customer_id, product_id, region, order_date, order_status,
     quantity, unit_price, discount_amount, gross_amount, net_amount, currency)
VALUES
    (10001, 'SO202601001', 1, 101, '亚太', '2026-01-08', 'completed', 120.00, 980.00, 1600.00, 131072.00, 116000.00, 'CNY'),
    (10002, 'SO202601002', 2, 102, '欧洲', '2026-01-15', 'completed', 85.00, 1260.00, 2200.00, 118537.00, 104900.00, 'EUR'),
    (10003, 'SO202601003', 3, 301, '北美', '2026-01-22', 'completed', 210.00, 720.00, 3000.00, 167580.00, 148200.00, 'USD'),
    (10004, 'SO202601004', 4, 302, '亚太', '2026-01-28', 'pending', 95.00, 760.00, 0.00, 81548.00, 72200.00, 'CNY'),
    (10005, 'SO202602001', 5, 201, '亚太', '2026-02-06', 'completed', 140.00, 820.00, 1800.00, 127684.00, 113000.00, 'CNY'),
    (10006, 'SO202602002', 6, 301, '欧洲', '2026-02-12', 'completed', 260.00, 735.00, 4200.00, 211593.00, 186900.00, 'EUR'),
    (10007, 'SO202602003', 7, 302, '亚太', '2026-02-20', 'completed', 105.00, 780.00, 1200.00, 90849.00, 80700.00, 'AUD'),
    (10008, 'SO202602004', 8, 202, '南美', '2026-02-26', 'cancelled', 70.00, 790.00, 0.00, 62531.00, 55300.00, 'USD'),
    (10009, 'SO202603001', 1, 102, '亚太', '2026-03-05', 'completed', 150.00, 1280.00, 2800.00, 213656.00, 189200.00, 'CNY'),
    (10010, 'SO202603002', 2, 101, '欧洲', '2026-03-11', 'completed', 110.00, 1010.00, 1900.00, 123277.00, 109200.00, 'EUR'),
    (10011, 'SO202603003', 3, 301, '北美', '2026-03-18', 'completed', 240.00, 742.00, 4500.00, 196761.00, 173580.00, 'USD'),
    (10012, 'SO202603004', 4, 401, '亚太', '2026-03-26', 'completed', 320.00, 390.00, 2600.00, 138086.00, 122200.00, 'CNY');

INSERT INTO finance_expenses
    (expense_id, expense_date, department, rd_expense, selling_expense, admin_expense,
     finance_expense, marketing_expense, logistics_expense, warranty_expense)
VALUES
    (20001, '2026-01-31', '动力电池事业部', 38000.00, 21000.00, 12000.00, 3600.00, 5200.00, 6800.00, 4300.00),
    (20002, '2026-01-31', '储能事业部', 32000.00, 18000.00, 9800.00, 2800.00, 4600.00, 5400.00, 3600.00),
    (20003, '2026-02-28', '动力电池事业部', 42000.00, 23600.00, 12800.00, 3900.00, 6100.00, 7200.00, 4700.00),
    (20004, '2026-02-28', '储能事业部', 35000.00, 19600.00, 10500.00, 3100.00, 5200.00, 5900.00, 3900.00),
    (20005, '2026-03-31', '动力电池事业部', 46000.00, 25200.00, 13600.00, 4200.00, 6800.00, 7800.00, 5100.00),
    (20006, '2026-03-31', '储能事业部', 39000.00, 21400.00, 11200.00, 3400.00, 5700.00, 6400.00, 4200.00);

